Call#,Author,Title,Holds,Frozen Holds,Holdable Items,Non-Holdable Items,Pending Orders,Ratio,Bib#,Pub Year,Date Billed,YTD Circ,LY Circ
J 591.96 TUCHMAN READ-ALONG,"Tuchman, Gail, author. https://id.oclc.org/worldcat/entity/E39PCjB7Tg8D88qDV4RkrFm883",Safari,2,0,1,0,0,2,b3479902a,2019,n/a,n/a,n/a
J 617.6 LEWIS,"Lewis, K. E., author. https://id.oclc.org/worldcat/entity/E39PCjCrXxgDjR8TGWgMFwHW8P",A trip to the dentist,1,0,0,0,0,1,b3474849a,2025,2026-08-03,0,4
J 631.521 CLENDENAN,"Clendenan, Megan, 1977- author. https://id.oclc.org/worldcat/entity/E39PCjHkmMH3hVdhJWJqTwcJTb",Just in case : saving seeds in the Svalbard Global Seed Vault,1,0,0,0,0,1,b3476733a,2025,2026-07-27,0,5
J 641.5951 JENG,"Jeng, Nancy, author.",A very Asian guide to Taiwanese food,1,0,0,0,0,1,b3480060a,2025,2026-07-08,0,5
J 688.725 DOWSETT,"Dowsett, Elizabeth, http://id.loc.gov/authorities/names/no2009132845 author.",The magical guide to the wizarding world,1,0,0,0,0,1,b2340822a,2019,2026-08-04,0,6
J 818.602 LAUGH,,"Laugh attack! : the biggest, best joke book ever.",1,0,0,0,0,1,b3473287a,2016,2026-05-18,0,4
J 883.01 HOMER,"Cross, Gillian. http://id.loc.gov/authorities/names/n80166058",The odyssey,2,0,1,0,0,2,b2380872a,2012,n/a,n/a,n/a
J 940.1 OSBORNE,"Osborne, Will. http://id.loc.gov/authorities/names/n88052928",Knights and castles : a non fiction companion to The knight at dawn,1,0,0,0,0,1,b1247555a,2000,2026-07-20,0,1
J BOARD CHARACTER DISNEY,"Hallam, Frankie, https://id.loc.gov/authorities/names/no2023084339 author, editor.",Disney Winnie the Pooh : pop-up peekaboo!,1,0,0,0,0,1,b3462175a,2024,2026-07-24,0,8
J BOARD K,"Fabrizio, Alex, https://id.loc.gov/authorities/names/n2013065159 adapter, illustrator.",The jungle book,1,0,0,0,0,1,b3362561a,2020,2026-08-01,0,9
J BOARD S,"Saltzberg, Barney, https://id.loc.gov/authorities/names/n80072220 author, illustrator.",Beautiful oops!,2,0,1,0,0,2,b3191773a,2010,n/a,n/a,n/a
J BOARD TOUCH & FEEL,"Davies, Benji, http://id.loc.gov/authorities/names/nb2005011779 illustrator.",Bizzy Bear : do-it-yourself day,2,0,1,0,0,2,b2822793a,2017,2026-07-28,0,4
J BOARD TOUCH & FEEL,"Davies, Benji, https://id.loc.gov/authorities/names/nb2005011779 illustrator.",Bizzy Bear : ferry captain,1,0,0,0,0,1,b3461693a,2024,2026-08-03,0,9
J BOARD TOUCH & FEEL,"Katz, Karen, http://id.loc.gov/authorities/names/n96112546 author.",Where is baby's home?,1,0,0,0,0,1,b2182456a,2017,2026-07-20,0,7
J BOARD TOUCH & FEEL,"Taplin, Sam. https://id.loc.gov/authorities/names/nb99105943",Bedtime for baby bears,1,0,0,0,0,1,b3455745a,2023,2026-07-24,0,4
J CHINESE J 495.12 BO,,Bo po mo : my first Chinese alphabet book animal series.,1,0,0,0,0,1,b1507849a,2012,2026-07-11,0,3
J CHINESE J BOARD ABC,,Dong dong chuang yi xue xi shu : you xing zhuang de zi mu,1,0,0,0,0,1,b3476067a,2024,2026-07-15,0,5
J CHINESE J BOARD M,"Mi, Ya, http://id.loc.gov/authorities/names/n2010082884 author, illustrator.","Bili, ni zai na li ?",1,0,0,0,1,1,b3041771a,2021,2026-05-16,0,5
J E KERTELL,"Kertell, Lynn Maslen, https://id.loc.gov/authorities/names/no2010108217 author.",I can ride!,1,0,0,0,0,1,b3166597a,2022,2026-08-01,0,4
J FICTION AVI,"Avi, 1937- http://id.loc.gov/authorities/names/n79074323",The true confessions of Charlotte Doyle,1,0,0,0,0,1,b1440911a,2003,2026-06-22,0,3
J FICTION BARNETT MAC BK. 5,"Barnett, Mac, http://id.loc.gov/authorities/names/n2008020628 author.",Mac B. kid spy : the sound of danger,2,1,1,0,0,2,b2597157a,2020,n/a,n/a,n/a
J FICTION BECKETT-KING MONTGOMERY BK. 1,"Beckett-King, Alasdair, author.",Murder at the museum,2,0,0,0,0,2,b3470056a,2025,2026-07-27,0,5
J FICTION DISNEY DESCENDANTS BK. 1,"De la Cruz, Melissa, 1971- http://id.loc.gov/authorities/names/n2001029179",The Isle of the Lost : a Descendants novel,1,0,0,0,0,1,b1513703a,2015,2026-07-27,0,4
J FICTION DISNEY DESCENDANTS BK. 1,"De la Cruz, Melissa, 1971- http://id.loc.gov/authorities/names/n2001029179",The Isle of the Lost : a Descendants novel,1,0,0,0,0,1,b1513703a,2015,2026-06-29,0,5
J FICTION GIBBS SPY BK. 1 LT,"Gibbs, Stuart, 1969- https://id.loc.gov/authorities/names/no2008130015 author.",Spy school : large print,1,0,0,0,0,1,b3467925a,2024,2026-07-20,0,10
J FICTION GREENWALD,"Greenwald, Lisa, http://id.loc.gov/authorities/names/n2008047973 author.",11 before 12,1,0,0,0,0,1,b1585984a,2017,2026-07-11,0,5
J FICTION LOWRY,"Lowry, Lois, https://id.loc.gov/authorities/names/n79073589 author.",The Windeby puzzle : history and story,1,0,0,0,0,1,b3362804a,2023,2026-07-24,0,4
J FICTION LUPICA ZACH BK. 1,"Lupica, Mike, https://id.loc.gov/authorities/names/n83172854 author.",The missing baseball,1,0,0,0,0,1,b2163264a,2018,2026-08-05,0,1
J FICTION MCMANN UNWANTEDS BK. 3,"McMann, Lisa. http://id.loc.gov/authorities/names/n2007073390",Island of fire,1,0,0,0,0,1,b1461652a,2013,2026-07-27,0,6
J FICTION SCIESZKA,"Scieszka, Jon. http://id.loc.gov/authorities/names/n88199147",The Stinky Cheese Man and other fairly stupid tales,1,0,0,0,0,1,b1142861a,1992,2026-05-22,0,2
J FICTION SIMON CUPCAKE BK. 26,"Simon, Coco, http://id.loc.gov/authorities/names/no2011070375 author.","Cupcake diaries : Mia, the way the cupcake crumbles",2,0,1,0,0,2,b1520104a,2015,n/a,n/a,n/a
J FICTION STEAD,"Stead, Philip Christian, author, illustrator. https://id.oclc.org/worldcat/entity/E39PBJh4r3yqtGPgPkCTkxtkDq http://id.loc.gov/rwo/agents/no2009154481","A potion, a powder, a little bit of magic : or, like lightning in an umbrella storm, a story out of order",2,0,1,0,0,2,b3480600a,2026,n/a,n/a,n/a
J FICTION WOOD BAD BK. 1,"Wood, Maryrose, author. https://id.oclc.org/worldcat/entity/E39PCjFXdDwVr4TqVKPrGKD8qP",Bad badger : a love story,1,0,0,0,0,1,b3470173a,2025,2026-08-03,0,2
J GN CABOT PRINCESS V. 1,"Cabot, Meg, author. https://id.oclc.org/worldcat/entity/E39PBJtxdRxvBtW8KHG3Wj4wmd",Princess diaries : the graphic novel,2,1,1,0,0,2,b3481718a,2026,n/a,n/a,n/a
J GN CODY CAT NINJA V. 4,"Cody, Matthew, https://id.loc.gov/authorities/names/n2008066948 author.","Cat Ninja. 4, Welcome to the 'Burbs",2,0,1,2,0,2,b3360600a,2022,2026-01-10,0,3
J GN CODY CAT NINJA V. 4,"Cody, Matthew, https://id.loc.gov/authorities/names/n2008066948 author.","Cat Ninja. 4, Welcome to the 'Burbs",2,0,1,2,0,2,b3360600a,2022,2026-07-24,0,2
J GN CODY CAT NINJA V. 4,"Cody, Matthew, https://id.loc.gov/authorities/names/n2008066948 author.","Cat Ninja. 4, Welcome to the 'Burbs",2,0,1,2,0,2,b3360600a,2022,2026-04-17,0,2
J GN JAMIESON,"Jamieson, Victoria, http://id.loc.gov/authorities/names/n2007040983 author.",Roller girl,1,0,0,0,0,1,b1512029a,2015,2026-07-27,0,8
J GN OSBORNE FACT,"Laird, Jenny, 1969- adapter. https://id.oclc.org/worldcat/entity/E39PCjyHHbHhhydFWFpCYxB4HK",Magic tree house fact tracker graphic novel. Dinosaurs,1,0,0,0,0,1,b3471929a,2025,2026-06-20,0,8
J GN SMITH BAND V. 2,"Smith, Brian (Comic book writer) https://id.loc.gov/authorities/names/no2016168865 https://id.oclc.org/worldcat/entity/E39PCjCPG7Chg7vwDCvjxm3d43., author, artist.","Band camp! 2, Out of sync",1,0,0,0,0,1,b3466307a,2024,2026-07-20,0,5
J P AMERICAN,,American Girl 5-minute stories,2,0,1,0,0,2,b3478985a,2025,n/a,n/a,n/a
J P AWAN READ-ALONG,"Awan, Jashar, author, illustrator. https://id.oclc.org/worldcat/entity/E39PCjwxCXxpqHQTFHDwDKKcKb",Every Monday Mabel,2,0,1,0,0,2,b3483311a,2026,n/a,n/a,n/a
J P BLUEY EAS,,Where's Bluey at Easter? : a search-and-find book,1,0,0,0,0,1,b3480138a,2026,2026-05-29,0,1
J P CALI,"Calì, Davide, 1972- http://id.loc.gov/authorities/names/n2009028984 author.",Cinderella and the furry slippers,1,0,0,0,0,1,b1602111a,2017,2026-07-29,0,1
J P FLETCHER,"Fletcher, Tom, 1985- http://id.loc.gov/authorities/names/nb2012020913 author.",The dinosaur that pooped the bed!,1,0,0,0,0,1,b2243948a,2018,2026-07-29,0,5
J P GRIMM,"Barnett, Mac, author. https://id.oclc.org/worldcat/entity/E39PBJtX768P4XcTXHxpvxTJXd",Rumpelstiltskin,2,0,1,0,0,2,b3478963a,2025,n/a,n/a,n/a
J P HOWDEN,"Howden, Sarah, author https://id.oclc.org/worldcat/entity/E39PCjJJDbfJPrvgR9FhfwCpHd",The wise pickle,3,0,1,0,1,3,b3482245a,2026,n/a,n/a,n/a
J P LEGO,"Steele, Michael Anthony. http://id.loc.gov/authorities/names/n99018075",Fight this fire!,2,0,0,0,0,2,b1428563a,2011,n/a,n/a,n/a
J P SCARRY,"Scarry, Richard, https://id.loc.gov/authorities/names/n79046225 author.",Richard Scarry's What do people do all day?,2,0,1,0,0,2,b3455939a,2015,n/a,n/a,n/a
J P SHARP,"Sharp, Sid, author, artist.",Bog Myrtle,3,0,1,0,1,3,b3469383a,2024,n/a,n/a,n/a
J P SHARPSON,"Sharpson, Neil, author. https://id.oclc.org/worldcat/entity/E39PCjxFgrFkWydQccWpkHJrG3",Don't trust fish,6,1,3,0,0,2,b3470707a,2025,n/a,n/a,n/a
J P SPIRES,"Spires, Ashley, 1978- http://id.loc.gov/authorities/names/no2009033278 author, illustrator.",The thing Lou couldn't do,2,0,1,0,0,2,b2211784a,2017,n/a,n/a,n/a
J P TATSUKAWA,"Tatsukawa, Maya, https://id.loc.gov/authorities/names/n2019025051 author, illustrator.",Sunday pancakes,3,0,1,0,2,3,b3087828a,2022,n/a,n/a,n/a
Y FICTION BARNES NATURALS BK. 2,"Barnes, Jennifer Lynn, http://id.loc.gov/authorities/names/n2005024345 author.",Killer instinct,2,0,1,0,0,2,b1483628a,2014,n/a,n/a,n/a
Y FICTION COLLINS HUNGER BK. 1 LT,"Collins, Suzanne. http://id.loc.gov/authorities/names/n2010078950",The Hunger Games : large print,1,0,0,0,0,1,b1434260a,2009,2026-08-03,0,8
Y FICTION HEMINGWAY,"Hemingway, Ernest, 1899-1961. https://id.loc.gov/authorities/names/n78078534",The old man and the sea,2,0,1,0,1,2,b3192698a,2020,2026-07-06,0,7
Y FICTION MEYER LUNAR BK. 4,"Meyer, Marissa, http://id.loc.gov/authorities/names/n2011078235 author.",Winter,1,0,0,0,0,1,b1508746a,2015,2026-08-05,0,6
Y GN LAMBCAT CURSED V. 2,"LambCat (Comics writer and artist), https://id.loc.gov/authorities/names/no2023006512 author, artist.",Cursed Princess Club. 2,2,0,1,0,0,2,b3460870a,2023,n/a,n/a,n/a
Y GN ONE MOB V. 1,"ONE, 1986- http://id.loc.gov/authorities/names/no2015151984 author, artist.",Mob psycho 100. 1,1,0,0,0,0,1,b2375007a,2018,2026-08-05,0,8
Y GN SADAMOTO NEON V. 3,"Sadamoto, Yoshiyuki, 1962- http://id.loc.gov/authorities/names/n2003032078",Neon genesis evangelion. 3,1,0,0,0,0,1,b1253928a,2004,2026-08-01,0,1
Y GN SADAMOTO NEON V. 4,"Sadamoto, Yoshiyuki, 1962- http://id.loc.gov/authorities/names/n2003032078",Neon genesis evangelion. 4,1,0,0,0,0,1,b1295763a,1999,2026-08-01,0,2
Y GN SANBE ERASED V. 1,"Sanbe, Kei, http://id.loc.gov/authorities/names/n2007084019 author, artist.",Erased. 1,1,0,0,0,0,1,b2233237a,2017,2026-07-27,0,6
Y GN SHIRAHAMA WITCH HAT V. 5,"Shirahama, Kamome, http://id.loc.gov/authorities/names/no2019053703 author, artist.",Witch hat atelier. 5,2,0,1,0,0,2,b2459061a,2020,n/a,n/a,n/a
Y GN SUZUKI SAKAMOTO V. 18,"Suzuki, Yūto, author, illustrator.","Sakamoto days. 18, Melee",1,0,0,0,0,1,b3475809a,2025,2026-08-04,0,6
Y GN SUZUKI SAKAMOTO V. 19,"Suzuki, Yūto, author, illustrator.","Sakamoto days. 19, Museum closed",1,0,0,0,0,1,b3479351a,2025,2026-08-04,0,4